Time (s),Left Foot Force (ai16),Right Foot Force (ai18),Handle Force (ai20),Handle Position (ai21),Seat Position (ai22)
0.0257415771484375,0.04647899833126996,-0.01828345270140147,0.17173022645042826,3.655423417532219,3.9519503190339127
0.049462318420410156,0.04680774172856603,-0.01861219611676196,0.17140148308542447,3.6573958798748967,3.945704185608713
0.0740206241607666,0.04680774172856603,-0.01795470928613435,0.17074399635517423,3.6593683422229253,3.9355131259395293
0.09902167320251465,0.04680774172856603,-0.01861219611676196,0.17140148308542447,3.6610120608503727,3.924664578726018
0.12262940406799316,0.04647899833126996,-0.01828345270140147,0.17140148308542447,3.6633132669350514,3.91447351938732
0.14679861068725586,-0.019927169779138026,-0.017625965870960575,0.17074399635517423,3.6652857292991587,3.905268691734288
0.1711287498474121,-0.06134884091674858,-0.01861219611676196,0.1644978724016286,3.6692306540434863,3.8921189381684456
0.19545555114746094,-0.021570886859211436,-0.01828345270140147,0.17140148308542447,3.671203116423715,3.8799554163537975
0.21916651725769043,-0.0449116696500248,-0.018940939532215845,0.16975776625919192,3.6751480412003263,3.8661481756458222
0.2428135871887207,-0.05674643293793952,-0.02058465661088682,0.1687715361624807,3.681722915875965,3.852669679040505
0.2653687000274658,-0.000531308410016057,-0.019598426363403865,0.15792300505038429,3.6869828156597317,3.843136108434879
0.28763365745544434,0.04746522852289095,-0.018940939532215845,0.1648266157683354,3.6938864341844364,3.8309725875136853
0.3097245693206787,0.05075266248917672,-0.01795470928613435,0.1648266157683354,3.6978313590855865,3.820124042012106
0.3334362506866455,0.05239637946898745,-0.018940939532215845,0.16318289893398794,3.7047349777150416,3.8092754966840436
0.35783982276916504,0.05009517569663083,-0.01861219611676196,0.16285415556687427,3.7096661339198964,3.8000706704805762
0.38262057304382324,0.05173889267732945,-0.01828345270140147,0.15726551831346386,3.709337390171842,3.7908658444009924
0.4067530632019043,0.05239637946898745,-0.01828345270140147,0.15299185451549702,3.7057212089532787,3.781661018444818
0.4312920570373535,0.05173889267732945,-0.01828345270140147,0.14904693407429204,3.7014475402641103,3.7754148866160273
0.4552621841430664,0.05173889267732945,-0.01861219611676196,0.14806070396213938,3.6971738716005498,3.7711412175025516
0.4796872138977051,0.052725122864683366,-0.019927169779138026,0.145759500364231,3.6935576904436562,3.769826242396023
0.5037345886230469,0.0530538662602906,-0.02058465661088682,0.14477327024960363,3.6929002029625484,3.7724561926115783
0.5277037620544434,0.049437688903729474,-0.019927169779138026,0.1441157835061056,3.690927740522848,3.7760723741742916
0.549971342086792,0.05173889267732945,-0.02025591319496567,0.14345829676227684,3.6896127655660647,3.7800172995370227
0.5733702182769775,0.05042391909294819,-0.018940939532215845,0.14444452687789594,3.6889552780885775,3.7842909687054456
0.5958213806152344,0.05009517569663083,-0.019598426363403865,0.14214332327362658,3.6892840218272456,3.792509563334711
0.6195025444030762,0.05108140588531643,-0.021570886859211436,0.13984211966529983,3.6876403031354115,3.803029364603872
0.6427817344665527,0.05206763607320282,-0.022885860524954532,0.138198402799721,3.681722915875965,3.813220422237857
0.6645643711090088,0.05173889267732945,-0.021242143443009676,0.1388558895462016,3.6695593977731504,3.824068967628927
0.6862061023712158,0.05239637946898745,-0.023543347358388006,0.13852714617300282,3.6570671361507463,3.8359037446174287
0.7079474925994873,0.05239637946898745,-0.023543347358388006,0.1388558895462016,3.6426024124349077,3.8510259599608956
0.7292876243591309,0.05173889267732945,-0.022885860524954532,0.1375409160529082,3.6294526638504254,3.8651619441776597
0.7505247592926025,0.05075266248917672,-0.02222837369189573,0.1375409160529082,3.6163029155007966,3.878969184865124
0.7730216979980469,0.05239637946898745,-0.021570886859211436,0.13786965942635615,3.600851961488208,3.8973788395632023
0.7941060066223145,0.05206763607320282,-0.02222837369189573,0.13951337629235006,3.5847435204115996,3.915131007081783
0.8148660659790039,0.05173889267732945,-0.023543347358388006,0.13852714617300282,3.5686350796803503,3.934526894367164
0.8368465900421143,0.05141014928136732,-0.023214603941624418,0.13852714617300282,3.549567946196408,3.957210220912698
0.8587164878845215,0.05075266248917672,-0.021242143443009676,0.1362259425582851,3.5288570948479583,3.9759486217067606
0.8825075626373291,0.05075266248917672,-0.02091340002690148,0.13786965942635615,3.5022288582166103,3.9989606936116293
0.9060266017913818,0.05141014928136732,-0.02058465661088682,0.1362259425582851,3.4723131860467196,4.021315278550567
0.9300837516784668,0.05141014928136732,-0.019598426363403865,0.1352397124364443,3.440425053219163,4.045313583858686
0.9520845413208008,0.05108140588531643,-0.019598426363403865,0.1349109690623309,3.408865665273583,4.069640634022438
0.9746665954589844,0.05075266248917672,-0.019927169779138026,0.1335959955650442,3.375005073311928,4.0900227578732595
0.9972217082977295,0.05173889267732945,-0.019598426363403865,0.1335959955650442,3.3414732263211064,4.112706090056279
1.019435167312622,0.05206763607320282,-0.01861219611676196,0.1345822256881342,3.3056401756139713,4.130787007622435
1.0429682731628418,0.05009517569663083,-0.01861219611676196,0.1352397124364443,3.2652047165129616,4.150840389559325
1.0641984939575195,0.049766432300224595,-0.019927169779138026,0.1345822256881342,3.2260842334603126,4.1692500522585165
1.0875084400177002,0.05108140588531643,-0.019269682947763128,0.1349109690623309,3.1876212391778505,4.186015995571215
1.1106951236724854,0.05173889267732945,-0.019598426363403865,0.1345822256881342,3.146528298347648,4.203439427362519
1.13124680519104,0.05075266248917672,-0.018940939532215845,0.13293850881590075,3.1074078203473454,4.213959235487326
1.154233455657959,0.05108140588531643,-0.019598426363403865,0.13688342930576294,3.067629856953873,4.226780251896001
1.1759059429168701,0.05173889267732945,-0.019598426363403865,0.1335959955650442,3.025221947336965,4.239272524566464
1.1987521648406982,0.05141014928136732,-0.019269682947763128,0.1316235353166127,2.9824852960359376,4.25044982139512
1.221428394317627,0.05173889267732945,-0.02091340002690148,0.1335959955650442,2.9384336726911267,4.267544511082388
1.242568016052246,0.049437688903729474,-0.019269682947763128,0.13063730519127004,2.897011998668765,4.282337992954453
1.263606071472168,0.05141014928136732,-0.02025591319496567,0.13228102206642361,2.858549017050043,4.300747659821015
1.2844953536987305,0.05206763607320282,-0.02091340002690148,0.1362259425582851,2.82304472749263,4.319814815421376
1.304530143737793,0.05108140588531643,-0.02058465661088682,0.1319522786915599,2.79181410332332,4.338224483511149
1.3250315189361572,0.05173889267732945,-0.02025591319496567,0.12767861481072734,2.7641996573789287,4.36090782538497
1.3464317321777344,0.05108140588531643,-0.021570886859211436,0.1283361015625448,2.7359277252828087,4.384577400503793
1.3683631420135498,0.04845145871371059,-0.019598426363403865,0.131294791941582,2.7046971033741496,4.409561953123366
1.3905844688415527,0.04253407755676096,-0.019598426363403865,0.1253774111767268,2.6767539160083125,4.438162692395997
1.4117472171783447,0.036945439770836475,-0.021899630275506787,0.12504866780010554,2.6507831894719573,4.468078409807142
1.434377670288086,0.03595920957063152,-0.021570886859211436,0.12570615455326414,2.6313873307490043,4.496679152192605
1.458381175994873,0.036945439770836475,-0.023214603941624418,0.1299798184406238,2.6113339855863624,4.526594872890901
1.4809112548828125,0.037274183170725325,-0.023214603941624418,0.127349871434693,2.59325310085821,4.556510595293814
1.503429651260376,0.03661669637085792,-0.023872090775245325,0.12800735818667794,2.581418340074151,4.583138877121572
1.5265252590179443,0.03201428876172427,-0.026502038113479925,0.12307620753861472,2.5722135262007417,4.6097671603243136
1.5493886470794678,0.02445319050837297,-0.028145755202927836,0.1240624376697381,2.5636661990867657,4.633765490818007
1.5709073543548584,0.01820706582818113,-0.029789472294726144,0.12636364130608718,2.552817668593565,4.651517681227844
1.592958927154541,0.01228968452192132,-0.03143318938887754,0.127349871434693,2.5426266248722316,4.6663111737127405
1.6160151958465576,0.01097471089429293,-0.03307690648538475,0.1303085618159887,2.5324355812231962,4.675516013700771
1.6386330127716064,0.011303454301337126,-0.03767931436816083,0.1358971991844214,2.528819404461763,4.677159735144983
1.6610846519470215,0.005714816369135067,-0.0412954920033525,0.14345829676227684,2.526518201072808,4.672886059401245
1.683110237121582,0.0034136125069949286,-0.05050030785389431,0.15167688103641064,2.5347367846215305,4.657435078169673
1.7049152851104736,-0.0028325122844012063,-0.054116485529920044,0.1608816953624813,2.5442703415965724,4.632779258035695
1.7274446487426758,-0.010722354173835436,-0.0521440249779265,0.16548410250150505,2.5574200754593286,4.59661739066891
1.7495360374450684,-0.013023558068316676,-0.051815281552929,0.17633263355200127,2.5837195435520135,4.5509219437256805
1.7711329460144043,-0.00973612393473694,-0.054116485529920044,0.2739694091522666,2.616265136008488,4.493391710460879
1.7930495738983154,-0.009407380521889719,-0.055760202659213554,0.5359778301040286,2.6478244991398676,4.418766788586989
1.8159732818603516,0.0030848690977502147,-0.05839015007106768,0.9390170659026258,2.681356323297022,4.333950810507808
1.8384919166564941,0.009002250450106705,-0.06266381462844045,1.4821008653027246,2.7185043255949535,4.236971316422711
1.8615031242370605,0.008673507042421966,-0.06627999234354087,1.9298491377236076,2.7530223818204327,4.134074447238243
1.8852193355560303,-0.0054624595749541704,-0.0820596770555837,2.4196766190348047,2.79378656377251,4.0232877419657465
1.9078335762023926,-0.02715952494897722,-0.10211302670180478,2.7625559403785402,2.83652320765741,3.920719652511479
1.9309446811676025,-0.03932303147364474,-0.12315260705412318,3.019633308218918,2.886492208691745,3.8188090668115997
1.9526312351226807,-0.035706853844703124,-0.13991852294114476,3.1323923271195384,2.9325162905904882,3.73333568418075
1.9757990837097168,-0.045569156496110014,-0.14813710925640028,3.06269870457985,2.983142782965572,3.6429311561525406
1.9963531494140625,-0.07121114379205154,-0.13728857533366062,3.0403441474587947,3.032783047369446,3.5571290507966347
2.018726110458374,-0.09915433574737412,-0.14583590508172262,3.109380281384577,3.083738288214891,3.4795455462473535
2.040222406387329,-0.1090166389599857,-0.15175328725527187,3.179402650866044,3.138638453915154,3.401633305708421
2.0612285137176514,-0.10507171766424511,-0.1510958003454676,3.181375112054187,3.1955110840263856,3.3276659955950874
2.081749677658081,-0.078443499289306,-0.13630234498252447,3.115626408029228,3.25468492258148,3.2566573839340864
2.1042768955230713,-0.052801511828208414,-0.12906998910196738,3.074204726824344,3.319118662400799,3.1803888814595878
2.1275975704193115,-0.03767931436816083,-0.12841250220615424,3.049548965036009,3.3907847664802016,3.0988604892327136
2.148683547973633,-0.04754161703665025,-0.1340011408334122,3.079135879256123,3.4637658513492715,3.0170033604093316
2.1705760955810547,-0.05608894608535969,-0.14090475329562346,3.1363372493014428,3.5370756865860207,2.93941990304442
2.1923317909240723,-0.0666087357727651,-0.1455071616286045,3.197812288786688,3.612029247337503,2.85953524733139
2.2138073444366455,-0.0807447033210274,-0.14978082652708424,3.1304198660347478,3.6971738716005498,2.7704457820009045
2.2372183799743652,-0.10375674390217063,-0.15701318254843083,3.0834095447171164,3.7856059438395264,2.679383863028411
2.258350133895874,-0.11624899470602348,-0.17838150744764963,3.1264749438774655,3.8661481756458222,2.590951897364478
2.2814388275146484,-0.12183763327012975,-0.17410784243287575,3.1343647882084356,3.961483891220943,2.4877264873429574
2.3046436309814453,-0.12249512016192604,-0.17476532935708455,3.1455420677899704,4.06043580411803,2.379241191414957
2.326195240020752,-0.11855019881715584,-0.1819976855507875,3.1346935317236513,4.162017684701571,2.268125956191232
2.3502182960510254,-0.11329030371318191,-0.1819976855507875,3.1488295029862554,4.266229534934513,2.1464909428407717
2.3733298778533936,-0.12019391604239182,-0.1787102509110513,3.1678966273524503,4.371098892325663,2.0238697064603186
2.3955681324005127,-0.12085140293318664,-0.19350370687201984,3.1360085057856564,4.483529385387815,1.8857975435938787
2.418060064315796,-0.11394779059978216,-0.19350370687201984,3.055137604320829,4.595631157958346,1.7572589399352119
2.438229560852051,-0.083374650791701,-0.1849563767354538,3.1570480910273897,4.701486813151432,1.6491024194915949
2.4604949951171875,-0.06627999234354087,-0.17147789474018393,3.2776969719699816,4.808986212766734,1.5623142098790497
2.483013391494751,-0.0521440249779265,-0.17969648130187998,3.24285015455799,4.926676714510171,1.506427863199533
2.504459857940674,-0.05641768951160167,-0.18364140287455966,3.122201278225547,5.052914604233696,1.4617187860069583
2.5257887840270996,-0.05378774210434861,-0.2234193629109431,3.1849912909100855,5.170933913395664,1.4104348446107695
2.549180746078491,-0.035049367004306886,-0.2247343368229502,3.1600067827398797,5.298815596521418,1.33844008073748
2.5700998306274414,-0.027817011784850326,-0.22604931073666867,2.984786500291483,5.426697318489113,1.2279823603663365
2.594151735305786,-0.011379841000365432,-0.22670679769417007,2.913449170710179,5.563783939065267,1.0567071423232766
2.616896629333496,0.01228968452192132,-0.25169130239821436,2.843098076088075,5.7031718227798684,1.056049655871794
2.6398143768310547,0.013604658148088075,-0.2503763284508481,2.6668916147307673,5.843874738189478,0.9482218764762493
2.66286301612854,0.010645967487157279,-0.2418289978352779,2.553475155287762,5.988193905716172,0.956769200559443
2.683907985687256,0.011303454301337126,-0.23426789773626755,2.499561247356581,6.125609476937723,0.9347434038425289
2.7078192234039307,-0.003161255695396853,-0.21618700642543198,2.3572153897910857,6.276503671651508,0.9176487555499122
2.730384588241577,-0.009078637109135312,-0.1984348589061179,2.184296419191216,6.430685391469495,0.8666935533872047
2.753980875015259,-0.019927169779138026,-0.1875863244622517,2.0412930989228055,6.584538438233376,0.7256626988854378
2.7752647399902344,-0.025844551278358247,-0.1849563767354538,1.9439850971641672,6.7328028766582975,0.6931171159794238
2.7978317737579346,-0.003489999106484898,-0.15832815637581704,1.7792847361788486,6.874163715909332,0.6901584266020333
2.8206334114074707,0.006043559777644925,-0.10770166519315127,1.5991334502066297,7.03689313673299,0.6987057514597803
2.8436572551727295,0.037274183170725325,-0.033405649904969165,1.4367343017297356,7.198636408743967,0.6789811555864909
2.8648223876953125,0.05108140588531643,-0.02058465661088682,1.3371251078802344,7.350846116962148,0.6382169902349824
2.8889191150665283,0.05206763607320282,-0.022557117108378294,1.148097758277478,7.513904558525502,0.7210602932488572
2.910098075866699,0.05206763607320282,-0.02222837369189573,0.8841169451852822,7.66644319022999,0.6352583007847927
2.9334449768066406,0.05075266248917672,-0.021899630275506787,0.6375595036908472,7.830816815262638,0.6520242076157492
2.9559273719787598,0.05206763607320282,-0.022557117108378294,0.42716379831129475,7.991903070467768,0.6079726089943631
2.979600429534912,0.05108140588531643,-0.025844551278358247,0.22531539388093677,8.150359447644236,0.658599073004537
3.0036749839782715,0.05141014928136732,-0.027817011784850326,0.19276980164343438,8.292049780992832,0.6848985343662055
3.024667739868164,0.049437688903729474,-0.029789472294726144,0.16515535913496088,8.390674192601837,0.6871997372208576
3.047772169113159,0.05075266248917672,-0.031104445969858924,0.16811404943093466,8.414344057529464,0.6487367749139807
3.0703542232513428,0.05173889267732945,-0.03472062358425049,0.15726551831346386,8.396920406725679,0.6240810294915906
3.0931265354156494,0.05075266248917672,-0.03767931436816083,0.16581284586796796,8.34136198165619,0.6217798265709829
3.114084243774414,0.05173889267732945,-0.035706853844703124,0.17041525298992774,8.254572515320532,0.611260041758983
3.1367568969726562,0.05108140588531643,-0.03011821571336812,0.1737026866387538,8.149701952091613,0.60600014933309
3.1610279083251953,0.05141014928136732,-0.024858321026379693,0.16252541219967917,8.022147848292935,0.6066576358870566
3.183427333831787,0.05141014928136732,-0.024529577609241127,0.15430682799326992,7.898867526852043,0.6092875821008354
3.2075986862182617,0.05141014928136732,-0.022885860524954532,0.15956672189125481,7.749616231436199,0.6178349072726683
3.2310266494750977,0.05173889267732945,-0.023214603941624418,0.161539182097605,7.603323745772105,0.6339433276945117
3.2551047801971436,0.05173889267732945,-0.023872090775245325,0.16121043873008392,7.441908984573112,0.6562978701206907
3.2779948711395264,0.05108140588531643,-0.024858321026379693,0.1562792882074696,7.2726043991434235,0.6862135074262887
3.3016648292541504,0.049766432300224595,-0.02617329469587215,0.1533205978850633,7.095081254598191,0.7210602932488572
3.323448419570923,0.05042391909294819,-0.025844551278358247,0.1608816953624813,6.919530696966954,0.7598519976316527
3.3454205989837646,0.044835281343452646,-0.024529577609241127,0.14871819070365688,6.746610211557165,0.8055473096716212
3.3689279556274414,0.05173889267732945,-0.021899630275506787,0.15693677494488095,6.566128668059952,0.8611049182614288
3.391775369644165,0.05141014928136732,-0.02091340002690148,0.16581284586796796,6.384332244265766,0.9229086473412582
3.4138731956481934,0.05239637946898745,-0.021899630275506787,0.16252541219967917,6.209439576885901,0.9876710643907576
3.436476945877075,0.05042391909294819,-0.023543347358388006,0.1635116423010202,6.040135670366487,1.0593370881283044
3.459500312805176,0.05239637946898745,-0.023543347358388006,0.15726551831346386,5.883652908498336,1.1395504345446923
3.4814693927764893,0.05206763607320282,-0.024858321026379693,0.15562180146973076,5.729471429142163,1.2283111035832155
3.5047407150268555,0.05173889267732945,-0.025187064443612045,0.15858049178697764,5.585809851331424,1.3239753793039097
3.527322769165039,0.044177794547701404,-0.022557117108378294,0.15858049178697764,5.4539831409223405,1.4587600970783503
3.54931902885437,0.0530538662602906,-0.022557117108378294,0.15989546525918386,5.326101410502119,1.6343089746014163
3.571856737136841,0.05206763607320282,-0.021242143443009676,0.15003316418570356,5.203479633764419,1.6951264704823772
3.5948264598846436,0.05206763607320282,-0.021570886859211436,0.1460882437356083,5.083487848438888,1.777969763265698
3.6169345378875732,0.05239637946898745,-0.021242143443009676,0.14904693407429204,4.959879906095202,1.8907286921609803
3.6389477252960205,0.05173889267732945,-0.021570886859211436,0.15825174841872183,4.8418606516566385,2.021568503690951
3.6614668369293213,0.05239637946898745,-0.021570886859211436,0.15233436777611808,4.729758824222531,2.164900566023838
3.6847188472747803,0.05206763607320282,-0.022557117108378294,0.14740321722029226,4.613383347038767,2.316122477064995
3.7079546451568604,0.05108140588531643,-0.021899630275506787,0.13392473893949086,4.500624082297588,2.458797074365018
3.731656312942505,0.05206763607320282,-0.02058465661088682,0.1441157835061056,4.387207353357504,2.600814198079046
3.753159284591675,0.05173889267732945,-0.022885860524954532,0.145759500364231,4.274119391867101,2.731325317794212
3.77604079246521,0.05173889267732945,-0.021570886859211436,0.14181457990125707,4.1580727569803475,2.8644663987511083
3.7985739707946777,0.05239637946898745,-0.021570886859211436,0.138198402799721,4.043998608201407,2.989388908817919
3.8223068714141846,0.05239637946898745,-0.023214603941624418,0.13556845581047447,3.927294529549006,3.1175988690833716
3.845402240753174,0.05239637946898745,-0.021899630275506787,0.14312955339023842,3.8122341908472603,3.242192667450194
3.868302822113037,0.05173889267732945,-0.02058465661088682,0.14280081001811723,3.6994750778008263,3.366457739637689
3.891711711883545,0.05108140588531643,-0.02091340002690148,0.138198402799721,3.592962112754312,3.488421624765996
3.914609670639038,0.05206763607320282,-0.02091340002690148,0.13786965942635615,3.494996497807369,3.6031531673846358
3.9387121200561523,0.05206763607320282,-0.02091340002690148,0.1345822256881342,3.3957159206571057,3.7234733714757424
3.9609792232513428,0.05206763607320282,-0.021242143443009676,0.1309660485664678,3.299065304087267,3.837547463660025
3.985507011413574,0.05108140588531643,-0.021570886859211436,0.12471992442340035,3.1971548017117244,3.9552377577031073
4.007322788238525,0.05239637946898745,-0.021242143443009676,0.1349109690623309,3.105106615809023,4.064051987278358
4.030508279800415,0.05141014928136732,-0.019927169779138026,0.1316235353166127,3.016674616933612,4.164318892551041
4.0540688037872314,0.04713648512577302,-0.021570886859211436,0.138198402799721,2.9302150864490755,4.264585814753914
4.076349258422852,0.03990413036660827,-0.023214603941624418,0.1319522786915599,2.846056766894263,4.362880289939496
4.100040674209595,0.03431549256849373,-0.026830781531181624,0.13293850881590075,2.764528400779275,4.456243620302567
4.121150732040405,0.029713084950542104,-0.03143318938887754,0.12504866780010554,2.684972500464035,4.538429663966478
4.142926454544067,0.024124447104968597,-0.03472062358425049,0.13392473893949086,2.612648959030505,4.610424648815949
4.164928913116455,0.02215198668263968,-0.03767931436816083,0.1303085618159887,2.5363805013368683,4.68504959815233
4.1866984367370605,0.025110677314910027,-0.07022491350060844,0.1293223316896432,2.470631834153541,4.751455950096918
4.2105324268341064,0.025439420718042782,-0.06562250548538201,0.13293850881590075,2.4025819665861095,4.812931145314592
4.234705686569214,0.025768164121085055,-0.07614229526235364,0.1260348979297176,2.3368333049584917,4.869803926493865
4.257776975631714,0.025110677314910027,-0.08008721645433423,0.1289935883140274,2.2789744847728945,4.9161568919288765
4.279952526092529,0.027411881134939836,-0.08370339422597439,0.12439118104661122,2.22604681560791,4.960866139545072
4.303581714630127,0.026096907524036858,-0.08731957200943305,0.13918463291931732,2.1793652700640003,4.998671756719501
4.327956438064575,0.03037057175418771,-0.08830580231606758,0.1220899774067348,2.136299901502385,5.03187495351685
4.351856470108032,0.03530172277004594,-0.08764831544487994,0.13063730519127004,2.1034255749186546,5.05751702795912
4.373634576797485,0.03826041336985364,-0.09619564480093742,0.1303085618159887,2.077454857246062,5.075269234199825
4.394769191741943,0.03957538696743651,-0.0938944407370032,0.1289935883140274,2.062661410595673,5.088419017055057
4.418194770812988,0.03957538696743651,-0.09520941448723222,0.13063730519127004,2.0580590049892202,5.095322653209502
4.440854787826538,0.03530172277004594,-0.10014056606462868,0.1375409160529082,2.059702721276261,5.094336419466589
4.462177038192749,0.03365800576700943,-0.09882559230848667,0.14707447384924502,2.0682500459864395,5.086446549602037
4.482059717178345,0.024124447104968597,-0.09981182262544508,0.14871819070365688,2.084687208974561,5.066393130991488
4.502573251724243,0.03201428876172427,-0.09619564480093742,0.15167688103641064,2.1070417508198007,5.036477377027274
4.520975351333618,0.03234303216296132,-0.09586690136293721,0.15463557136250808,2.1392585909183786,4.998343012208875
4.541971921920776,0.029384341548583992,-0.09192198011460959,0.15233436777611808,2.1777215536908314,4.946730126964953
4.5619683265686035,0.025439420718042782,-0.078443499289306,0.16022420862703127,2.2217731529430242,4.888871103211689
4.5824878215789795,0.01853580923321911,-0.06134884091674858,0.16055295199479708,2.272399618958352,4.819834777351225
4.6010520458221436,0.025439420718042782,-0.05773266321752854,0.1621966688324026,2.334532101847223,4.743566086031714
4.622673511505127,0.02445319050837297,-0.05641768951160167,0.15890923515515173,2.405869399735364,4.654147635415643
4.643199443817139,0.02675439432966914,-0.0603626106339899,0.15989546525918386,2.5002187340267468,4.54829199006731
4.663780450820923,0.0280693679398491,-0.0508290512785097,0.3502378622827891,2.6106764988647697,4.428300368338583
4.684523105621338,0.03037057175418771,-0.046884130189422585,0.6895009400732108,2.7165318652683577,4.304363844454346
4.705059051513672,0.027411881134939836,-0.04852784730820653,1.0882664918913438,2.8217297538264736,4.172208748102688
4.727599620819092,0.025110677314910027,-0.0521440249779265,1.4505415167227034,2.9321875471414125,4.0232877419657465
4.749614953994751,0.03201428876172427,-0.04655538676595161,1.7470678999183182,3.0511926824694577,3.854642141941365
4.77316951751709,0.04319156435340507,-0.04392543938161031,2.0261709092316997,3.171841549683859,3.6833666345542566
4.797220468521118,0.03826041336985364,-0.06003386720659601,2.293439189646618,3.298079073362579,3.5068312694209913
4.818620204925537,0.04121910396240021,-0.08173093362179831,2.4456473413725788,3.4233303845961784,3.345418149427028
4.840667486190796,0.03365800576700943,-0.09323695386247885,2.5275044310962005,3.5433218163657436,3.194524853416601
4.861737966537476,0.02905559814653566,-0.09849684886969792,2.571556039497819,3.6669294479400163,3.045604043206805
4.884336709976196,0.032671775564108343,-0.10507171766424511,2.627771153730309,3.798098207738824,2.8901083864850055
4.906286716461182,0.03530172277004594,-0.10474297422357792,2.677740146140218,3.927294529549006,2.744475053521701
4.929094552993774,0.021494499874471315,-0.11098909961321801,2.6905611379241083,4.06996937795014,2.586678233743449
4.953003644943237,0.011632197708289924,-0.10507171766424511,2.7365852120683,4.213301747473975,2.4200053623528954
4.974876165390015,0.03595920957063152,-0.08600459826862433,2.841783102398907,4.353017967236997,2.2559624545221406
4.999497413635254,0.05141014928136732,-0.083374650791701,2.9430360810143057,4.492076733773893,2.077783600505978
5.022445440292358,0.05108140588531643,-0.09520941448723222,2.9732804790647354,4.641984097411844,1.8871125165443994
5.0466954708099365,0.05239637946898745,-0.1073729217516908,3.0170033604093316,4.797151415316923,1.7095911722982124
5.0713441371917725,0.05173889267732945,-0.1090166389599857,2.9575007930170627,4.958564928165326,1.5826962893275835
5.0937793254852295,0.05141014928136732,-0.14189098365101505,2.8615077078966786,5.119978497495475,1.4922919049580863
5.115810871124268,0.05141014928136732,-0.1491233396185047,2.797402741271274,5.269557316024525,1.4288444645929204
5.137612819671631,0.05239637946898745,-0.14780836580256934,2.701409669534448,5.422094890789154,1.2588842227064738
5.161818265914917,0.05009517569663083,-0.13761731878424172,2.5876644638086663,5.584166126492809,1.1757121887241317
5.185920000076294,0.05173889267732945,-0.13498737118242538,2.4985750173518766,5.753798566651185,1.0705143577837986
5.208749055862427,0.0487802021104725,-0.12150888982438185,2.3519554969080754,5.922116102080042,0.8742546479530089
5.233666181564331,0.05206763607320282,-0.10638669142790486,2.2027060427027387,6.099309841924188,0.859789945289172
5.25675630569458,0.05206763607320282,-0.07318360437755334,2.0767973707263634,6.27190123335053,0.8029173636759919
5.280947685241699,0.05239637946898745,-0.050171564429374454,1.9413551512167742,6.456327560832644,0.6960758053530456
5.3048927783966064,0.05206763607320282,-0.022557117108378294,1.8147890049895086,6.631220360265999,0.6530104374253187
5.328175783157349,0.05173889267732945,-0.023214603941624418,1.631350285627194,6.810386957030282,0.6171774207222294
5.349261522293091,0.05108140588531643,-0.023543347358388006,1.4728960552959178,6.97969126948694,0.5898917286951795
5.370988130569458,0.05239637946898745,-0.023543347358388006,1.3617808489441094,7.137818297793605,0.567865928839691
5.393790245056152,0.05141014928136732,-0.022885860524954532,1.14382409641251,7.316985202762419,0.527101761289427
5.415054559707642,0.05173889267732945,-0.022557117108378294,0.9610428625936209,7.483988587109038,0.5228280985119275
5.437917709350586,0.05239637946898745,-0.022885860524954532,0.7608382273962981,7.65296455758951,0.5925216749304553
5.460658550262451,0.05108140588531643,-0.023214603941624418,0.5155957460969802,7.833775541474862,0.5783857138755726
5.482091903686523,0.05108140588531643,-0.02617329469587215,0.2917215494513929,7.999135517004203,0.61980736692275
5.504620552062988,0.052725122864683366,-0.028803242039364962,0.20328958911751455,8.161865620103088,0.635915787329631
5.527520418167114,0.049437688903729474,-0.032419419646499026,0.18356498753688238,8.292049780992832,0.658599073004537
5.550850868225098,0.05042391909294819,-0.031761932807990445,0.16285415556687427,8.3732505435551,0.6441343691231918
5.573745489120483,0.05108140588531643,-0.03143318938887754,0.161539182097605,8.39001669638794,0.6207935967470972
5.597525596618652,0.05075266248917672,-0.029789472294726144,0.1526631111458486,8.350238178865453,0.611260041758983
5.6210455894470215,0.05075266248917672,-0.027817011784850326,0.1700865096246003,8.273968643311449,0.6086300955477035
5.6422107219696045,0.05042391909294819,-0.02847449862109938,0.17403143000319204,8.189809184061088,0.6102738119301432
5.663352966308594,0.05075266248917672,-0.025187064443612045,0.17403143000319204,8.092499845798482,0.6096163253773235
5.685580015182495,0.05042391909294819,-0.026502038113479925,0.16647033260065008,7.980396905956245,0.6352583007847927
5.708841323852539,0.05042391909294819,-0.027817011784850326,0.1730451999096351,7.862376563297559,0.6372307604187044
5.731557369232178,0.05009517569663083,-0.026502038113479925,0.18060629727503774,7.740082561330172,0.6760224661908749
5.753797769546509,0.05108140588531643,-0.02617329469587215,0.1691002795281321,7.612857410893071,0.6944320890348312
5.777425289154053,0.05075266248917672,-0.026830781531181624,0.16844279279674823,7.478071142606924,0.7273064151821049
5.800997734069824,0.05075266248917672,-0.022885860524954532,0.16745656269906428,7.330135071862412,0.7674130924842855
5.823437690734863,0.05141014928136732,-0.023214603941624418,0.16942902289370254,7.17989785425405,0.813765890891873
5.845680475234985,0.05206763607320282,-0.021899630275506787,0.1648266157683354,7.028345730571189,0.8666935533872047
5.868221759796143,0.05141014928136732,-0.023214603941624418,0.1700865096246003,6.875807446986896,0.9229086473412582
5.891602993011475,0.05141014928136732,-0.02091340002690148,0.16679907596686933,6.7180093042395885,0.9860273482357149
5.914602756500244,0.05173889267732945,-0.021242143443009676,0.16055295199479708,6.558238766883791,1.0544059397426913
5.9362428188323975,0.05173889267732945,-0.02025591319496567,0.15858049178697764,6.4027420040729375,1.1264007057022638
5.959142684936523,0.05009517569663083,-0.021242143443009676,0.1635116423010202,6.245601587120594,1.1997104436701191
5.982139348983765,0.05075266248917672,-0.022885860524954532,0.15397808462394974,6.091748697224751,1.2812387613684482
6.005961179733276,0.05173889267732945,-0.021899630275506787,0.1533205978850633,5.94019709192199,1.3667119971548984
6.0273942947387695,0.05173889267732945,-0.021899630275506787,0.1526631111458486,5.793905472462128,1.4863745270930124
6.049763202667236,0.05108140588531643,-0.02222837369189573,0.15134813766643368,5.661092456366962,1.6461437305109643
6.074759244918823,0.05239637946898745,-0.021899630275506787,0.15397808462394974,5.513485964911386,1.716823523220817
6.098996639251709,0.05206763607320282,-0.021242143443009676,0.14214332327362658,5.374426892652615,1.789804519498555
6.121044874191284,0.05206763607320282,-0.021570886859211436,0.14378704013423257,5.247531420802886,1.8861262868314608
6.145585298538208,0.05239637946898745,-0.02058465661088682,0.14871819070365688,5.1170197961085995,2.0057888276117763
6.167585849761963,0.05141014928136732,-0.02058465661088682,0.14641698710690304,4.998343012208875,2.1333412120903184
6.189338684082031,0.05141014928136732,-0.021242143443009676,0.145759500364231,4.87802253705362,2.2727283622485324
6.2130515575408936,0.05173889267732945,-0.02091340002690148,0.1335959955650442,4.7649344681691534,2.404883169789893
6.236560583114624,0.05173889267732945,-0.021242143443009676,0.14378704013423257,4.644942795818265,2.54525657163208
6.259559631347656,0.05206763607320282,-0.02091340002690148,0.14707447384924502,4.5219924542113885,2.6816850666754197
6.282212495803833,0.05141014928136732,-0.02091340002690148,0.14543075699277114,4.405617023686538,2.804635096302229
6.306029319763184,0.05239637946898745,-0.02091340002690148,0.14378704013423257,4.292857802519374,2.9213390133783763
6.3292131423950195,0.05075266248917672,-0.023872090775245325,0.1388558895462016,4.165962612448979,3.0465902736626416
6.352580308914185,0.05173889267732945,-0.02058465661088682,0.13918463291931732,4.0413686568952025,3.1715128061556
6.375989198684692,0.05075266248917672,-0.021570886859211436,0.13951337629235006,3.918418445564037,3.294791637621739
6.398451328277588,0.052725122864683366,-0.02058465661088682,0.14214332327362658,3.800728158062424,3.410838126984272
6.422968864440918,0.052725122864683366,-0.02025591319496567,0.13918463291931732,3.678106734796939,3.529843325851894
6.446238994598389,0.05206763607320282,-0.02025591319496567,0.1375409160529082,3.5607452312841543,3.6495060305362417
6.46892523765564,0.05141014928136732,-0.019598426363403865,0.1352397124364443,3.446342438596213,3.767525035965604
6.491976261138916,0.05206763607320282,-0.019927169779138026,0.1342534823138542,3.33391212375284,3.884229086155039
6.51602840423584,0.05108140588531643,-0.019269682947763128,0.1319522786915599,3.2195093625271363,4.001919388631499
6.539219856262207,0.05075266248917672,-0.021242143443009676,0.13918463291931732,3.1031341547805544,4.1215821767937495
6.562700510025024,0.04779397191991984,-0.02222837369189573,0.138198402799721,2.996950008584475,4.231382668111684
6.584517478942871,0.04713648512577302,-0.024529577609241127,0.1319522786915599,2.8986557158617736,4.334279554583829
6.606226921081543,0.044177794547701404,-0.028803242039364962,0.1362259425582851,2.809566247485348,4.429944089002342
6.629658460617065,0.041876590759759386,-0.03472062358425049,0.13688342930576294,2.714559404944882,4.529553570634746
6.65218186378479,0.038589156769383764,-0.0449116696500248,0.13326725219051416,2.621196286448631,4.622588186063863
6.675997257232666,0.03793166997023388,-0.06003386720659601,0.1293223316896432,2.5311206078543598,4.712335375348346
6.699962854385376,0.036945439770836475,-0.07745726899145719,0.12767861481072734,2.447291057990581,4.798137648426655
6.723498106002808,0.03793166997023388,-0.08403213766034548,0.1303085618159887,2.370365122069394,4.873420115122547
6.747497797012329,0.03957538696743651,-0.08731957200943305,0.127349871434693,2.2977128524719306,4.936539048396054
6.771161317825317,0.038589156769383764,-0.09027826293198266,0.1319522786915599,2.2290055051505195,4.998671756719501
6.794100046157837,0.04023287376569051,-0.09225072355142952,0.11814505687163804,2.1672017689327485,5.049955903292247
6.818233489990234,0.03924664356817517,-0.09422318417441289,0.11420013632438991,2.1142741026390213,5.094336419466589
6.842379331588745,0.04319156435340507,-0.09257946698834768,0.12504866780010554,2.06463387014391,5.131484558633163
6.866144895553589,0.04582151153641051,-0.09586690136293721,0.12570615455326414,2.031102058034328,5.159756595851613
6.8897926807403564,0.045164024741194464,-0.09981182262544508,0.12110374727409776,1.9890229218782987,5.182768720519845
6.914455413818359,0.04549276813884706,-0.09586690136293721,0.1174875701146082,1.9676546107951955,5.200192187151442
6.938242435455322,0.04647899833126996,-0.09718187511552909,0.12702112805857488,1.9502312187984334,5.2084108037308425
6.961465120315552,0.044835281343452646,-0.09882559230848667,0.1165013399784302,1.9462862998700161,5.213341973753681
6.983070373535156,0.046150254933884804,-0.09948307918636026,0.14181457990125707,1.9551623674662968,5.208739548397276
7.006773233413696,0.04549276813884706,-0.09981182262544508,0.14477327024960363,1.9620659756151395,5.194603527966789
7.027722597122192,0.044835281343452646,-0.10079805294329211,0.14214332327362658,1.9909953813710635,5.174878849067923
7.051055908203125,0.04352030775159314,-0.10079805294329211,0.15036190755600945,2.0225547334490055,5.14693555549163
7.073736906051636,0.041547847361124504,-0.09652438823903611,0.15562180146973076,2.062661410595673,5.104198756994324
7.096938133239746,0.04056161716468322,-0.09257946698834768,0.16121043873008392,2.113945359374019,5.044367246011492
7.118878364562988,0.03990413036660827,-0.08666208513883294,0.15759426168196497,2.18265270281419,4.965139817852224
7.141404867172241,0.03760292657052444,-0.0748273215348049,0.17699012027950717,2.256948684384313,4.880652492462952
7.16461443901062,0.03530172277004594,-0.05608894608535969,0.16778530606504002,2.3440656576136174,4.774468054347459
7.186183214187622,0.03300051896516536,-0.04819910388425913,0.17468891673182646,2.4525509511797865,4.658750055277289
7.209268093109131,0.02445319050837297,-0.051815281552929,0.3719349215337412,2.5748434730155205,4.529553570634746
7.230644941329956,0.029713084950542104,-0.05050030785389431,0.7753029305679,2.701738412918032,4.384906144609818
7.253271102905273,0.037274183170725325,-0.046226643342575896,1.1875469445972124,2.8220584972428724,4.233683876233224
7.274303436279297,0.04910894550714545,-0.0429392091140513,1.5991334502066297,2.9515834108102257,4.06043580411803
7.297890901565552,0.05042391909294819,-0.03143318938887754,1.967325867549012,3.0712460353771864,3.89310516967676
7.318910837173462,0.05075266248917672,-0.03899428805235855,2.3029727451937254,3.194524853416601,3.7152547776600966
7.340530633926392,0.05173889267732945,-0.0521440249779265,2.5212583076259745,3.3181324316531158,3.546609253112365
7.363525390625,0.05042391909294819,-0.0689099397800392,2.6304011006520245,3.44535620769701,3.377306278546918
7.386984348297119,0.05075266248917672,-0.08140219018811051,2.6659053846071514,3.5863872388729394,3.2060308772637374
7.410724401473999,0.049766432300224595,-0.09027826293198266,2.72014804253617,3.7316919653869967,3.035084251738433
7.43224310874939,0.05042391909294819,-0.09685313167723333,2.828633365590535,3.873051795963908,2.8733424713613194
7.454871654510498,0.02280947349044525,-0.10112679638277203,2.955528332277765,4.011124217671015,2.718833068983023
7.478498458862305,0.010645967487157279,-0.10178428326202835,3.102476667771962,4.156429037104225,2.5564338454154094
7.501484155654907,-0.024529577609241127,-0.09816810543100779,3.204387159562393,4.308637517232659,2.3851585710047516
7.52404260635376,-0.023214603941624418,-0.09126449324126432,3.2609310502131708,4.456901108601525,2.2188144634111557
7.547150373458862,-0.019598426363403865,-0.09948307918636026,3.344760662241428,4.612397114295924,2.0314308012881686
7.569199562072754,-0.016639735625999075,-0.1172352250387666,3.3809224582147936,4.761975769048276,1.865086719689799
7.591765642166138,-0.026502038113479925,-0.13958977948985468,3.3605403548375854,4.922074292101641,1.7112348884161113
7.614306926727295,-0.04458292622712487,-0.1655605124558182,3.24843879499387,5.088419017055057,1.60176339595025
7.63728141784668,-0.041624235425302386,-0.19087375913015658,3.1886074697802043,5.249503888985238,1.5159614164393527
7.659059047698975,-0.015982248796491072,-0.2040234979067212,3.069602317910395,5.418478697632743,1.4433091660114694
7.681066036224365,0.021165756470251026,-0.2040234979067212,2.9611169710486998,5.579892441944629,1.251323128737901
7.702893018722534,0.027740624537439626,-0.20073606319679493,2.892738333978468,5.742621233006709,1.1240995031519159
7.724995374679565,0.025439420718042782,-0.18429888980479814,2.8355369773960777,5.9066650751106975,0.9515093088182973
7.746426343917847,0.026096907524036858,-0.16950543397501067,2.707655793837225,6.072681463490287,0.982739915923583
7.770644426345825,0.03135680195897997,-0.1560269521789675,2.543284111561742,6.258422664401947,0.8177108098690065
7.792356729507446,0.04680774172856603,-0.11460527748678104,2.3845010843826278,6.4428489843770915,0.7450585511161358
7.8151938915252686,0.05108140588531643,-0.0748273215348049,2.267797212901854,6.617084284554066,0.6832548180400422
7.838520526885986,0.05042391909294819,-0.019269682947763128,2.0761398842068433,6.800524572837421,0.6263822324096957
7.862374544143677,0.05206763607320282,-0.023214603941624418,1.8831675976943723,6.992841123037637,0.5826593765305397
7.88511061668396,0.05173889267732945,-0.022557117108378294,1.6448287576311067,7.18844526492042,0.5639210094368123
7.908910274505615,0.044835281343452646,-0.022557117108378294,1.4804571492297829,7.386350769325253,0.5109933400000847
7.931438207626343,0.05075266248917672,-0.021899630275506787,1.2411320890328936,7.5730790173141616,0.49652863504917794
7.954683780670166,0.05239637946898745,-0.021242143443009676,0.9235661338146093,7.767368583605328,0.5014597844771027
7.977315187454224,0.05173889267732945,-0.02091340002690148,0.5573461437477177,7.968890741975426,0.5224993552209469
8.000876903533936,0.05075266248917672,-0.02222837369189573,0.22235670370916122,8.160550628937349,0.5238143283845225
8.023390531539917,0.05108140588531643,-0.024200834192196347,0.17337394327423483,8.316377132039616,0.5277592478697176
8.046800136566162,0.05075266248917672,-0.025844551278358247,0.14543075699277114,8.421576516734474,0.5139520296351163
8.069439172744751,0.05108140588531643,-0.029131985457724635,0.1608816953624813,8.446561377529274,0.5195406655995207
8.092758178710938,0.05042391909294819,-0.030446959132104184,0.15167688103641064,8.421576516734474,0.5211843820564472
8.116422414779663,0.049766432300224595,-0.03143318938887754,0.1648266157683354,8.362073108996768,0.5294029643194398
8.13966178894043,0.0487802021104725,-0.03307690648538475,0.16712781933300738,8.276927374838264,0.5215131253476588
8.161940097808838,0.05075266248917672,-0.031761932807990445,0.16942902289370254,8.1822479840837,0.5205268954738503
8.184680223464966,0.05075266248917672,-0.027817011784850326,0.1727164565449546,8.08362365808939,0.5224993552209469
8.206970930099487,0.049766432300224595,-0.028145755202927836,0.16844279279674823,7.9876293521586215,0.5346628569489364
8.229597330093384,0.05173889267732945,-0.024529577609241127,0.1753464034601382,7.887690114033412,0.5606335765950277
8.252871036529541,0.0487802021104725,-0.025187064443612045,0.16844279279674823,7.782162211346563,0.5925216749304553
8.275301456451416,0.049437688903729474,-0.02617329469587215,0.16778530606504002,7.67860683491546,0.6280259487782425
8.29764461517334,0.049766432300224595,-0.027817011784850326,0.1723877131801933,7.566832823822615,0.6674751412484667
8.319157600402832,0.05108140588531643,-0.029131985457724635,0.16186792546504455,7.457360087869702,0.7128417117331376
8.341548442840576,0.05009517569663083,-0.027817011784850326,0.1608816953624813,7.335066272935883,0.7631394301789991
8.363635778427124,0.05075266248917672,-0.02617329469587215,0.15496431473166428,7.211128779092741,0.818697039612426
8.386950016021729,0.05141014928136732,-0.024529577609241127,0.15890923515515173,7.077328946213226,0.8791857965730021
8.409481048583984,0.04845145871371059,-0.023543347358388006,0.16712781933300738,6.942871682667412,0.9419757550181476
8.433053255081177,0.05075266248917672,-0.022557117108378294,0.1621966688324026,6.796579619249908,1.0113405769494839
8.454076051712036,0.05141014928136732,-0.023214603941624418,0.15496431473166428,6.660150005570463,1.0777467087239425
8.476579904556274,0.05108140588531643,-0.024858321026379693,0.1566080315762162,6.524049197376964,1.15072770403914
8.499492168426514,0.05108140588531643,-0.02715952494897722,0.15397808462394974,6.3774285846035905,1.229626076450618
8.523277282714844,0.049766432300224595,-0.025187064443612045,0.15003316418570356,6.226863090428016,1.3108256507195877
8.54373025894165,0.05173889267732945,-0.023872090775245325,0.1648266157683354,6.082872571046936,1.3854503603520352
8.567038774490356,0.05108140588531643,-0.023543347358388006,0.15693677494488095,5.935923403332425,1.5005104853295415
8.589682817459106,0.05141014928136732,-0.024858321026379693,0.15496431473166428,5.793576727315083,1.6602796889861013
8.611919641494751,0.05173889267732945,-0.023872090775245325,0.1424720666459133,5.6558325358894574,1.7230696444802758
8.633547306060791,0.05206763607320282,-0.023214603941624418,0.15299185451549702,5.524005802116028,1.7802709658639737
8.65562129020691,0.05206763607320282,-0.02222837369189573,0.14740321722029226,5.391850367192138,1.8631142602767874
8.678160190582275,0.05206763607320282,-0.021899630275506787,0.14806070396213938,5.263311166517426,1.9643671783350376
8.701023817062378,0.052725122864683366,-0.022557117108378294,0.1526631111458486,5.1380594508468995,2.0850159522354637
8.72128176689148,0.05173889267732945,-0.022557117108378294,0.14214332327362658,5.020697639472246,2.2102671381213437
8.742815971374512,0.054040096446580366,-0.021242143443009676,0.1411570931562695,4.907938280702215,2.333217128642138
8.764054536819458,0.05108140588531643,-0.021242143443009676,0.14641698710690304,4.794521460367475,2.461755764303639
8.785627841949463,0.05206763607320282,-0.021242143443009676,0.15364934125454754,4.681762155217479,2.582733313489605
8.807127952575684,0.05239637946898745,-0.02091340002690148,0.14510201362122868,4.5699891081466095,2.6977934923206717
8.828670978546143,0.052725122864683366,-0.02058465661088682,0.14280081001811723,4.453613667114777,2.814826142103693
8.850757360458374,0.0487802021104725,-0.021242143443009676,0.1375409160529082,4.34447062103639,2.92495519128723
8.873666763305664,0.05108140588531643,-0.021570886859211436,0.14082834978365144,4.231711412128488,3.03804294307774
8.896342754364014,0.052725122864683366,-0.02091340002690148,0.14214332327362658,4.114349809812642,3.155733116935959
8.9194016456604,0.05173889267732945,-0.022885860524954532,0.1404996064109505,3.999946925283379,3.2740807927404334
8.941938161849976,0.05173889267732945,-0.02222837369189573,0.1424720666459133,3.891790194332669,3.385853612332789
8.966174602508545,0.05141014928136732,-0.019598426363403865,0.13852714617300282,3.7770586055128614,3.5065025257626345
8.98926830291748,0.05173889267732945,-0.02058465661088682,0.13918463291931732,3.6784354785306457,3.613344222154354
9.012385606765747,0.05173889267732945,-0.02025591319496567,0.1319522786915599,3.5679775923108634,3.730048246597081
9.034347295761108,0.05042391909294819,-0.021242143443009676,0.1309660485664678,3.4617933895090722,3.843136108434879
9.057328224182129,0.05075266248917672,-0.019927169779138026,0.1358971991844214,3.3638277908324716,3.9489916242460037
9.080865621566772,0.05206763607320282,-0.019927169779138026,0.13918463291931732,3.260602306652507,4.064380731203076
9.10508418083191,0.04910894550714545,-0.02222837369189573,0.1388558895462016,3.161979243886754,4.172866236070066
9.128278732299805,0.0481227153168597,-0.021899630275506787,0.14214332327362658,3.068944830924448,4.277406832287832
9.152519464492798,0.04647899833126996,-0.02617329469587215,0.12636364130608718,2.974924196375052,4.38293367997661
9.173768758773804,0.044835281343452646,-0.031104445969858924,0.12702112805857488,2.8901083864850055,4.47333831633759
9.19658637046814,0.04089036056358644,-0.036693084106006385,0.1335959955650442,2.8052925831254414,4.562099246922005
9.220980882644653,0.041547847361124504,-0.04787036046040702,0.1362259425582851,2.716203121880895,4.652503914046663
9.24479055404663,0.03990413036660827,-0.069896170070321,0.1335959955650442,2.635332251144224,4.738306176725373
9.26802659034729,0.03957538696743651,-0.08238842048946662,0.1293223316896432,2.560050022246467,4.814574867219081
9.290115594863892,0.03957538696743651,-0.08666208513883294,0.13293850881590075,2.4893702040059424,4.881638725745232
9.313722848892212,0.03661669637085792,-0.08896328918764715,0.1335959955650442,2.421320335625929,4.944757660127673
9.338252782821655,0.03530172277004594,-0.09323695386247885,0.13293850881590075,2.357544133096809,5.001959201838796
9.362684726715088,0.036287952970789614,-0.09553815792503548,0.12669238468237293,2.3006715421260724,5.052914604233696
9.38584017753601,0.03431549256849373,-0.09685313167723333,0.1293223316896432,2.252346278365177,5.095980142372661
9.40921425819397,0.03563046617038364,-0.09915433574737412,0.1335959955650442,2.2115821112404963,5.131484558633163
9.431077241897583,0.03431549256849373,-0.10046930950391103,0.14904693407429204,2.1767353238675446,5.155154171063752
9.455536842346191,0.04056161716468322,-0.1024417701416801,0.13293850881590075,2.149120889000255,5.1742213597867295
9.478187799453735,0.03891790016882428,-0.10441423078300979,0.11715882673596666,2.1293962928803105,5.183097465166786
9.501903057098389,0.03793166997023388,-0.10605794798684123,0.12636364130608718,2.1201914814171228,5.186713656299581
9.524606227874756,0.03464423596910102,-0.10671543486906765,0.14510201362122868,2.1218351977470946,5.179152529419926
9.545695781707764,0.03300051896516536,-0.11230407338402867,0.14904693407429204,2.1267663467441498,5.1600853404811735
9.567520141601562,0.03201428876172427,-0.10605794798684123,0.1506906509262331,2.1458334563013928,5.12918334638158
9.589420080184937,0.03530172277004594,-0.10112679638277203,0.1506906509262331,2.1701604583907,5.087104038752073
9.611953258514404,0.03793166997023388,-0.09619564480093742,0.15825174841872183,2.2043497590957,5.029902486312447
9.63510274887085,0.03924664356817517,-0.08699082857408405,0.1566080315762162,2.24774387235704,4.9559349723168165
9.658110857009888,0.038589156769383764,-0.07877224272211694,0.15562180146973076,2.3023152586026705,4.869146437655257
9.679728746414185,0.037274183170725325,-0.06397878834167287,0.1608816953624813,2.365762715760429,4.7678931673079745
9.702040433883667,0.03365800576700943,-0.05378774210434861,0.16285415556687427,2.4364425283434965,4.657106333893305
9.722662925720215,0.03464423596910102,-0.045897899919295354,0.16778530606504002,2.52783317443748,4.526923617083837
9.743663787841797,0.03990413036660827,-0.03965177489502569,0.1720589698153512,2.6290861271905195,4.393124747324393
9.764676332473755,0.0481227153168597,-0.03735057094734806,0.33906058921824356,2.7503924346451956,4.242231220764749
9.78721809387207,0.04746522852289095,-0.03899428805235855,0.8209982423457334,2.880903570307261,4.079831695863072
9.80874252319336,0.04779397191991984,-0.04195297884734722,1.4110923310386436,3.007469799656614,3.9049399478919313
9.82926630973816,0.04549276813884706,-0.04754161703665025,1.9936253273635964,3.1297623790073956,3.7205146776911135
9.851582765579224,0.04746522852289095,-0.054116485529920044,2.3746387850817876,3.251397487003568,3.5344457372202895
9.875105381011963,0.04582151153641051,-0.06167758434452722,2.556762588763306,3.379936227394718,3.345089405834164
9.899348258972168,0.04253407755676096,-0.08764831544487994,2.6655766412327795,3.5255696581772806,3.144884580752093
9.922923564910889,0.03037057175418771,-0.10671543486906765,2.74710500068415,3.6702168852329278,2.9558570757340585
9.946184158325195,-0.007763663459045028,-0.11855019881715584,2.7724182424146044,3.8197952982117402,2.7665008611832445
9.968721866607666,-0.0054624595749541704,-0.12808375875839856,2.867753833042968,3.974304902316871,2.577802163188065
9.990724802017212,-0.0412954920033525,-0.12906998910196738,2.994320060833291,4.115993529573472,2.4002807633855605
10.014437913894653,-0.04425418280432003,-0.12611129807397642,3.028509382126725,4.27379064782607,2.200404839754812
10.039168357849121,-0.04425418280432003,-0.13038496289480178,3.093929336700999,4.439148924811629,1.9679833540414167
10.063336610794067,-0.026830781531181624,-0.12611129807397642,3.1586918086442823,4.5992473445730075,1.7503553321794012
10.087251663208008,0.015905861990366935,-0.11066035617076408,3.1941961098802425,4.768550656007929,1.5784226275040691
10.11102843284607,0.03398674916779654,-0.1103316127284096,3.211290773928029,4.934237837137293,1.4784846899424278
10.135595798492432,0.023795703701473686,-0.11690648159441908,3.131734840090819,5.108143692066842,1.3351526485942409
10.158750057220459,0.01853580923321911,-0.11263281682698015,2.9627606883399173,5.285994552009367,1.124756989594963
10.182428359985352,0.05075266248917672,-0.10441423078300979,2.7855679785892953,5.456941844669955,0.9360583767846462
10.203636646270752,0.049766432300224595,-0.09619564480093742,2.5912806407204894,5.633477874659213,0.8318467694920091
10.224560499191284,0.04647899833126996,-0.0689099397800392,2.41573169922295,5.788645550144096,0.7848364848873608
10.244446992874146,0.05502632663207267,-0.03636434068547742,2.2391965469423387,5.941183327757525,0.6796386421183274
10.265879154205322,0.054040096446580366,-0.02551580786093824,2.1622706198452475,6.100296078201391,0.7036369004019531
10.28751516342163,0.049437688903729474,-0.024200834192196347,2.0531278561345863,6.272558724532534,0.6079726089943631
10.30911636352539,0.05173889267732945,-0.023872090775245325,1.9275479350301326,6.439561526789723,0.567865928839691
10.33100438117981,0.05239637946898745,-0.022885860524954532,1.7990093299248364,6.6141255711133935,0.5182256924329365
10.351120710372925,0.052725122864683366,-0.023214603941624418,1.597489734117294,6.776197359861967,0.5142807729276057
10.372622728347778,0.049766432300224595,-0.021899630275506787,1.5376584686651138,6.947474130768893,0.4961998917535079
10.393310785293579,0.05239637946898745,-0.021570886859211436,1.3604658760878068,7.114806042975047,0.5142807729276057
10.414287567138672,0.05141014928136732,-0.02058465661088682,1.2855124231671506,7.276220612507238,0.5155957460969802
10.434340238571167,0.05108140588531643,-0.02025591319496567,1.1566450819990577,7.446840187657301,0.4883100526395305
10.455896615982056,0.05173889267732945,-0.021899630275506787,0.9732063622027927,7.621404835087067,0.528745477739723
10.476607084274292,0.04549276813884706,-0.021570886859211436,0.7269776719228602,7.791695883008307,0.539594006275844
10.498110294342041,0.05173889267732945,-0.021242143443009676,0.4140140659129949,7.963630781474983,0.5747695377757709
10.519470691680908,0.05141014928136732,-0.024529577609241127,0.19178357156357811,8.12997708633862,0.6313133815115277
10.538923263549805,0.05141014928136732,-0.02715952494897722,0.1424720666459133,8.250956288241865,0.6257247458619206
10.559882879257202,0.05075266248917672,-0.031104445969858924,0.12439118104661122,8.306514692126022,0.6484080316435321
10.580941438674927,0.049766432300224595,-0.03373439332464789,0.13392473893949086,8.279886106401754,0.6901584266020333
10.602450132369995,0.05075266248917672,-0.03373439332464789,0.15956672189125481,8.205260332576593,0.6924596294514411
10.62410569190979,0.05009517569663083,-0.029460728876178344,0.1773188636431393,8.121429645007956,0.702650670614346
10.645024299621582,0.0481227153168597,-0.02617329469587215,0.18356498753688238,8.022476595898233,0.7217177797689036
10.667134523391724,0.049766432300224595,-0.02715952494897722,0.17666137691579448,7.9314135258203065,0.7476884971696627
10.68852710723877,0.05042391909294819,-0.024858321026379693,0.17666137691579448,7.836405520358976,0.7776041333378128
10.711171388626099,0.05075266248917672,-0.022885860524954532,0.17600389018812748,7.739425066853047,0.8124509178982622
10.732481479644775,0.05141014928136732,-0.024858321026379693,0.17764760700669102,7.653293304718844,0.8482839317575053
10.753917694091797,0.05173889267732945,-0.024200834192196347,0.1773188636431393,7.568476558937753,0.8890480937899219
10.77656865119934,0.05173889267732945,-0.024858321026379693,0.17173022645042826,7.478728636434088,0.9354008903136488
10.799561500549316,0.05141014928136732,-0.025187064443612045,0.16186792546504455,7.387337009734166,0.9896435237759136
10.821567296981812,0.05173889267732945,-0.029131985457724635,0.161539182097605,7.298246640371506,1.0432286700495734
10.845568418502808,0.05108140588531643,-0.029460728876178344,0.16647033260065008,7.188116518351567,1.1056898827164807
10.87047004699707,0.049766432300224595,-0.024858321026379693,0.15397808462394974,7.068781538861252,1.1724247565338135
10.893704175949097,0.05075266248917672,-0.023872090775245325,0.1608816953624813,6.9537203104496985,1.2368584272181642
10.917117595672607,0.05173889267732945,-0.022557117108378294,0.15595054483864113,6.83898787300455,1.3006346110603562
10.940638542175293,0.05141014928136732,-0.021570886859211436,0.15759426168196497,6.718995542378757,1.3581646735891761
10.963638544082642,0.05239637946898745,-0.02222837369189573,0.14707447384924502,6.592757085977598,1.414051019964115
10.987548112869263,0.05009517569663083,-0.022885860524954532,0.15299185451549702,6.467176171556918,1.4663211910076763
11.011317729949951,0.05239637946898745,-0.023543347358388006,0.15693677494488095,6.341266560158144,1.5550818591171358
11.034367322921753,0.05141014928136732,-0.022885860524954532,0.1648266157683354,6.221931907259631,1.7013725917163092
11.05745792388916,0.049766432300224595,-0.019927169779138026,0.15890923515515173,6.098981096499071,1.7539715076692586
11.079901933670044,0.05173889267732945,-0.019598426363403865,0.15923797852324412,5.982605235286918,1.7809284523208488
11.101737022399902,0.052725122864683366,-0.019269682947763128,0.15200562440630544,5.87543427791627,1.8170902076083075
11.125624895095825,0.05206763607320282,-0.019598426363403865,0.15167688103641064,5.770893312866307,1.8677166655755302
11.148521423339844,0.05108140588531643,-0.019927169779138026,0.1506906509262331,5.668653592179218,1.930177880965672
11.16936445236206,0.05042391909294819,-0.023214603941624418,0.1506906509262331,5.573317542730535,1.9959265301091142
11.192071437835693,0.05239637946898745,-0.02058465661088682,0.14378704013423257,5.476009047118676,2.070551248798093
11.215638637542725,0.05141014928136732,-0.021570886859211436,0.1441157835061056,5.373111913471955,2.152737064974702
11.237369060516357,0.05173889267732945,-0.02025591319496567,0.14806070396213938,5.275474720905556,2.2372240872365725
11.261372327804565,0.05173889267732945,-0.021570886859211436,0.1506906509262331,5.17816629548881,2.3253272894322263
11.283418893814087,0.05173889267732945,-0.02058465661088682,0.15134813766643368,5.077570446171504,2.4167179291750096
11.305940628051758,0.05239637946898745,-0.02091340002690148,0.14937567744484487,4.981248297982268,2.501862450703428
11.329571723937988,0.05141014928136732,-0.022885860524954532,0.14148583652880473,4.881967470173116,2.589965667296912
11.35259222984314,0.05141014928136732,-0.02091340002690148,0.1388558895462016,4.7879465730564075,2.672151508736079
11.375775814056396,0.05173889267732945,-0.021899630275506787,0.14017086303816662,4.695569415689295,2.7540086120126155
11.398887634277344,0.05206763607320282,-0.021242143443009676,0.14312955339023842,4.605493485149287,2.832249543197776
11.420024871826172,0.05042391909294819,-0.021570886859211436,0.14444452687789594,4.5180475239467315,2.9101617362820535
11.442086458206177,0.05141014928136732,-0.021899630275506787,0.14017086303816662,4.443093854492175,2.9752529398374263
11.464993238449097,0.05206763607320282,-0.02091340002690148,0.14082834978365144,4.357949128566338,3.04889147806339
11.487099409103394,0.05108140588531643,-0.021242143443009676,0.14773196059125704,4.272475671663834,3.122858765247671
11.509511709213257,0.05173889267732945,-0.02091340002690148,0.14345829676227684,4.194892083400314,3.1905799309880907
11.53231692314148,0.04647899833126996,-0.021242143443009676,0.14280081001811723,4.112377346105543,3.2602735630919653
11.555922269821167,0.05173889267732945,-0.021570886859211436,0.1404996064109505,4.0272326688147615,3.3296384571136315
11.579634189605713,0.05239637946898745,-0.019598426363403865,0.138198402799721,3.9434029785725833,3.3967021514960316
11.604606628417969,0.05108140588531643,-0.02058465661088682,0.14312955339023842,3.8622032497819343,3.4677107750443494
11.627656936645508,0.05075266248917672,-0.019269682947763128,0.13852714617300282,3.7869209189761195,3.5347744808905137
11.651624202728271,0.05206763607320282,-0.022557117108378294,0.1424720666459133,3.714268546408628,3.6041393984852803
11.673874139785767,0.05173889267732945,-0.022885860524954532,0.138198402799721,3.645889849617886,3.6649569855714352
11.697563886642456,0.05173889267732945,-0.021570886859211436,0.13655468593206563,3.578168646602174,3.7280757840542442
11.720925092697144,0.05108140588531643,-0.021570886859211436,0.1335959955650442,3.5091324750333737,3.791194588187421
11.744023084640503,0.05173889267732945,-0.02222837369189573,0.13688342930576294,3.444698720431548,3.851683447592255
11.767733097076416,0.05173889267732945,-0.022885860524954532,0.13852714617300282,3.3809224582147936,3.9105285932344414
11.791510105133057,0.05075266248917672,-0.023872090775245325,0.138198402799721,3.325693534081112,3.9664150493043357
11.812902450561523,0.05141014928136732,-0.023872090775245325,0.13655468593206563,3.2773682284030414,4.016712863939303
11.834591150283813,0.0530538662602906,-0.023872090775245325,0.1375409160529082,3.2310153866917455,4.064051987278358
11.858059406280518,0.05108140588531643,-0.02748826836686677,0.131294791941582,3.183676316779024,4.112377346105543
11.880682945251465,0.04779397191991984,-0.026502038113479925,0.1342534823138542,3.1389671974318563,4.1580727569803475
11.903814315795898,0.04319156435340507,-0.02748826836686677,0.1342534823138542,3.0942580802023314,4.2037681713635555
11.927175521850586,0.04023287376569051,-0.030446959132104184,0.14017086303816662,3.0554663478091513,4.245189916978192
11.950706481933594,0.03530172277004594,-0.032090676227197606,0.13326725219051416,3.022920742990501,4.285625433422583
11.97257137298584,0.027411881134939836,-0.032090676227197606,0.1362259425582851,2.9966212651152095,4.322444767968632
11.996109962463379,0.02215198668263968,-0.032419419646499026,0.1358971991844214,2.9759104267624856,4.357949128566338
12.020227670669556,0.020508269661538098,-0.03636434068547742,0.13655468593206563,2.9591445103026306,4.390494794442345
12.043968200683594,0.019522039447787562,-0.03866554463116709,0.1358971991844214,2.94698100245002,4.419424276840347
12.065991878509521,0.01886455263816618,-0.042610465691721666,0.1349109690623309,2.9407348768502306,4.447696272489278
12.088499307632446,0.019522039447787562,-0.046226643342575896,0.1345822256881342,2.940406133398626,4.468407153963779
12.112292766571045,0.023466960297888168,-0.04326795253647597,0.1352397124364443,2.9427073375619903,4.488131803732472
12.135220527648926,0.026096907524036858,-0.043596695958995624,0.13688342930576294,2.951254667355262,4.504897756611159
12.156220197677612,0.031028058557472663,-0.04326795253647597,0.13951337629235006,2.9584870233880958,4.5167325471984165
